{
    "loss": 0.20656900107860565,
    "accuracy": 0.9552238583564758
}