{
    "loss": 0.14212676882743835,
    "accuracy": 0.9328358173370361
}