{
    "loss": 0.02091308600696114,
    "accuracy": 0.9930555555555556
}