{
    "loss": 0.019402271136641502,
    "accuracy": 0.9925373196601868
}